"WPM, Accuracy(%)"
41.51138030224189,86.95652173913044
"WPM, Accuracy(%)"
